URL,Last Crawled,Category,Content Type,Priority,Status
https://thetravelbackpack.com/budget-backpacks/mcm-backpack/,2025-11-07,Budget Backpacks,Product Review,Medium,MISSING
https://thetravelbackpack.com/budget-backpacks/deuter-backpack/,2025-11-04,Budget Backpacks,Product Review,Medium,MISSING
https://thetravelbackpack.com/budget-backpacks/college-bags-for-girls/,2025-10-27,Budget Backpacks,Buying Guide,High,MISSING
https://thetravelbackpack.com/budget-backpacks/female-work-backpack/,2025-10-23,Budget Backpacks,Buying Guide,High,MISSING
https://thetravelbackpack.com/budget-backpacks/nurse-backpack/,2025-10-19,Budget Backpacks,Buying Guide,Medium,MISSING
https://thetravelbackpack.com/budget-backpacks/gucci-backpack-women/,2025-10-16,Budget Backpacks,Product Review,Medium,MISSING
https://thetravelbackpack.com/budget-backpacks/why-no-backpacks-in-middle-school/,2025-10-16,Budget Backpacks,Educational Article,Medium,MISSING
https://thetravelbackpack.com/budget-backpacks/work-backpack-women/,2025-09-26,Budget Backpacks,Buying Guide,High,MISSING
https://thetravelbackpack.com/budget-backpacks/mens-backpack/,2025-09-26,Budget Backpacks,Buying Guide,High,MISSING
https://thetravelbackpack.com/travel-backpacks/camera-and-lens-backpack/,2025-09-29,Travel Backpacks,Buying Guide,High,MISSING
